epoch,steps,cosine_pearson,cosine_spearman,euclidean_pearson,euclidean_spearman,manhattan_pearson,manhattan_spearman,dot_pearson,dot_spearman
0,-1,0.8603829184143664,0.8634439808588751,0.8520373126043029,0.8582637518032019,0.8519665769908871,0.8582077748963437,0.8305067668652699,0.8297689706234703
1,-1,0.8738941526987756,0.8732814736395488,0.8572646949316028,0.8637278623258947,0.8572464105288398,0.863677852383028,0.8453502241053964,0.8435598021802103
2,-1,0.8696573041220188,0.8715316450173949,0.8582154646347402,0.8656908761326176,0.8576657264057793,0.8649860002025886,0.8390346407149374,0.8374201573846959
3,-1,0.8750163944562664,0.8760740592164935,0.8614311434759245,0.8692434586491514,0.8606418133936148,0.8685416716892201,0.8461674597377774,0.8451364687459089
4,-1,0.8751659863714976,0.8759995162362965,0.8613002432395667,0.8694394249762125,0.860629998153408,0.8687313337414789,0.8472061320718693,0.8454604049119452
